id,title,price,promo_price,url
3244569,Конструктор LEGO Super Mario Приключения вместе с Марио 71360,4 999,3 249,https://www.detmir.ru/product/index/id/3244569/
3430417,Конструктор LEGO Technic McLaren Senna GTR 42123,4 699,2 879,https://www.detmir.ru/product/index/id/3430417/
3092802,Конструктор LEGO DUPLO Town Поезд на паровой тяге (10874),5 499,3 569,https://www.detmir.ru/product/index/id/3092802/
3142049,Конструктор LEGO Technic ДУ Скоростной вездеход 42095,6 999,4 479,https://www.detmir.ru/product/index/id/3142049/
2497101,Конструктор LEGO City Police Мобильный командный центр (60139),3 299,2 019,https://www.detmir.ru/product/index/id/2497101/
3597035,Конструктор LEGO Harry Potter Хогвартс: Тайная комната 76389,13 499,8 439,https://www.detmir.ru/product/index/id/3597035/
3596925,Конструктор LEGO Super Mario Стартовый набор Приключения вместе с Луиджи 71387,4 999,3 109,https://www.detmir.ru/product/index/id/3596925/
3200884,Конструктор LEGO Technic Land Rover Defender 42110,16 999,10 199,https://www.detmir.ru/product/index/id/3200884/
3405652,Конструктор LEGO Technic Monster Jam Grave Digger 42118,1 699,1 099,https://www.detmir.ru/product/index/id/3405652/
3226567,Конструктор LEGO DUPLO Town Дом модульный 10929,4 999,3 249,https://www.detmir.ru/product/index/id/3226567/
3405653,Конструктор LEGO Technic Monster Jam Max-D 42119,1 699,1 049,https://www.detmir.ru/product/index/id/3405653/
3430415,Конструктор LEGO Technic Jeep Wrangler 42122,4 699,2 989,https://www.detmir.ru/product/index/id/3430415/
3092803,Конструктор LEGO DUPLO Town Грузовой поезд (10875),11 499,6 899,https://www.detmir.ru/product/index/id/3092803/
3244534,Конструктор LEGO City Исследовательское судно 60266,12 499,7 499,https://www.detmir.ru/product/index/id/3244534/
3596845,Конструктор LEGO Technic Грузовой эвакуатор 42128,13 999,10 419,https://www.detmir.ru/product/index/id/3596845/
3226596,Конструктор LEGO Friends Парикмахерская Хартлейк Сити 41391,1 699,1 079,https://www.detmir.ru/product/index/id/3226596/
3405639,Конструктор LEGO Minecraft Дом-свинья 21170,4 699,2 899,https://www.detmir.ru/product/index/id/3405639/
3099182,Конструктор LEGO City Trains Товарный поезд 60198,16 999,10 479,https://www.detmir.ru/product/index/id/3099182/
3187781,Конструктор LEGO Minecraft Шахта крипера 21155,7 499,5 779,https://www.detmir.ru/product/index/id/3187781/
3226586,Конструктор LEGO Minecraft Патруль разбойников 21160,6 499,4 219,https://www.detmir.ru/product/index/id/3226586/
3099181,Конструктор LEGO City Trains Пассажирский поезд 60197,12 499,7 959,https://www.detmir.ru/product/index/id/3099181/
2497211,Конструктор LEGO DUPLO My First Поезд «Считай и играй» (10847),1 499,969,https://www.detmir.ru/product/index/id/2497211/
3018843,Конструктор LEGO BOOST  Набор для конструирования и программирования (17101),13 999,8 399,https://www.detmir.ru/product/index/id/3018843/
3176052,Конструктор LEGO Harry Potter Часовая башня Хогвартса 75948,8 499,5 319,https://www.detmir.ru/product/index/id/3176052/
3405648,Конструктор LEGO Technic Тяжелый экскаватор 42121,3 599,2 439,https://www.detmir.ru/product/index/id/3405648/
3142078,Конструктор LEGO City Fire Пожарное депо 60215,5 499,3 419,https://www.detmir.ru/product/index/id/3142078/
3405647,Конструктор LEGO Technic Спасательное судно на воздушной подушке 42120,2 799,1 839,https://www.detmir.ru/product/index/id/3405647/
3244513,Конструктор LEGO Friends Летний аквапарк 41430,9 499,6 449,https://www.detmir.ru/product/index/id/3244513/
3244537,Конструктор LEGO City Пассажирский самолёт 60262,8 999,5 569,https://www.detmir.ru/product/index/id/3244537/
3226585,Конструктор LEGO Minecraft Аванпост разбойников 21159,2 699,1 699,https://www.detmir.ru/product/index/id/3226585/
3244611,Конструктор LEGO Technic Ducati Panigale V4 R 42107,5 499,3 299,https://www.detmir.ru/product/index/id/3244611/
3596765,Конструктор LEGO Minecraft Разрушенный портал 21172,2 699,2 389,https://www.detmir.ru/product/index/id/3596765/
3405650,Конструктор LEGO Technic Dodge Charger Доминика Торетто 42111,9 499,6 599,https://www.detmir.ru/product/index/id/3405650/
3226557,Конструктор LEGO DUPLO Classic Коробка с кубиками большая 10914,4 499,2 759,https://www.detmir.ru/product/index/id/3226557/
3386281,Конструктор LEGO Minecraft Заброшенная шахта 21166,1 799,1 179,https://www.detmir.ru/product/index/id/3386281/
3244486,Конструктор LEGO Creator Пиратский корабль 31109,8 999,5 399,https://www.detmir.ru/product/index/id/3244486/
3405627,Конструктор LEGO Ninjago Битва с роботом Зейна 71738,5 399,3 309,https://www.detmir.ru/product/index/id/3405627/
3193108,Конструктор LEGO Disney Frozen Волшебный ледяной замок Эльзы 43172,6 499,4 219,https://www.detmir.ru/product/index/id/3193108/
3175977,Конструктор LEGO City Space Port Ракета для запуска в далекий космос и пульт управления запуском 60228,8 999,5 499,https://www.detmir.ru/product/index/id/3175977/
3405586,Конструктор LEGO City Police Транспорт для перевозки преступников 60276,1 599,979,https://www.detmir.ru/product/index/id/3405586/
619011,Конструктор LEGO Classic Набор для творчества среднего размера (10696),2 499,1 599,https://www.detmir.ru/product/index/id/619011/
3244600,Конструктор LEGO Minecraft Набор для творчества 3.0 21161,7 499,4 499,https://www.detmir.ru/product/index/id/3244600/
3405625,Конструктор LEGO Ninjago Скорострельный истребитель Коула 71736,3 599,2 339,https://www.detmir.ru/product/index/id/3405625/
3596780,Конструктор LEGO Friends Домик в лесу 41679,2 599,1 689,https://www.detmir.ru/product/index/id/3596780/
3244614,Конструктор LEGO Technic Lamborghini Sian FKP 37 42115,36 799,22 549,https://www.detmir.ru/product/index/id/3244614/
3405587,Конструктор LEGO City Police Катер полицейского патруля 60277,4 499,2 699,https://www.detmir.ru/product/index/id/3405587/
3226631,Конструктор LEGO Technic Мобильный кран 42108,9 499,5 939,https://www.detmir.ru/product/index/id/3226631/
3596784,Конструктор LEGO Friends Гранд-отель Хартлейк Сити 41684,9 499,5 649,https://www.detmir.ru/product/index/id/3596784/
3405621,Конструктор LEGO Ninjago Дракон из джунглей 71746,3 599,2 339,https://www.detmir.ru/product/index/id/3405621/
3405637,Конструктор LEGO Minecraft 21168,2 699,1 749,https://www.detmir.ru/product/index/id/3405637/
3386280,Конструктор LEGO Minecraft Пасека 21165,1 799,1 339,https://www.detmir.ru/product/index/id/3386280/
3596768,Конструктор LEGO Minecraft Мерзость из джунглей 21176,3 699,2 459,https://www.detmir.ru/product/index/id/3596768/
3226556,Конструктор LEGO DUPLO Classic Коробка с кубиками 10913,2 599,1 639,https://www.detmir.ru/product/index/id/3226556/
3244612,Конструктор LEGO Technic Самосвал Volvo 6*6 42114,22 999,13 799,https://www.detmir.ru/product/index/id/3244612/
3405551,Конструктор LEGO Friends Торговый центр Хартлейк Сити 41450,9 499,5 839,https://www.detmir.ru/product/index/id/3405551/
3405579,Конструктор LEGO My City Центр города 60292,8 999,5 619,https://www.detmir.ru/product/index/id/3405579/
3244472,Конструктор LEGO DUPLO Грузовик и гусеничный экскаватор 10931,1 759,979,https://www.detmir.ru/product/index/id/3244472/
3226650,Конструктор LEGO City Police Погоня на полицейском вертолете 60243,2 499,1 529,https://www.detmir.ru/product/index/id/3226650/
3226605,Конструктор LEGO Friends Автобус для друзей 41395,6 499,3 899,https://www.detmir.ru/product/index/id/3226605/
3150682,Конструктор LEGO Technic Porsche 911 RSR 42096,13 999,8 759,https://www.detmir.ru/product/index/id/3150682/
3226653,Конструктор LEGO City Police Полицейский участок 60246,8 999,5 399,https://www.detmir.ru/product/index/id/3226653/
3546360,Конструктор LEGO Harry Potter Хогвартс-экспресс 75955,7 499,5 779,https://www.detmir.ru/product/index/id/3546360/
3244599,Конструктор LEGO Harry Potter Астрономическая башня Хогвартса 75969,9 499,5 699,https://www.detmir.ru/product/index/id/3244599/
3176039,Конструктор LEGO Harry Potter Хижина Хагрида спасение Клювокрыла 75947,5 499,3 569,https://www.detmir.ru/product/index/id/3176039/
3244609,Конструктор LEGO MINDSTORMS EV3 Робот-изобретатель 51515,31 999,18 989,https://www.detmir.ru/product/index/id/3244609/
3386282,Конструктор LEGO Minecraft Торговый пост 21167,1 789,,https://www.detmir.ru/product/index/id/3386282/
3498472,Конструктор LEGO Disney Princess Райя и дракон Сису 43184,2 599,1 639,https://www.detmir.ru/product/index/id/3498472/
3596764,Конструктор LEGO Minecraft Конюшня 21171,1 799,1 099,https://www.detmir.ru/product/index/id/3596764/
3244508,Конструктор LEGO Friends Домик для панд на дереве 41422,2 599,1 589,https://www.detmir.ru/product/index/id/3244508/
3176053,Конструктор LEGO Harry Potter Автобус Ночной рыцарь 75957,3 699,2 359,https://www.detmir.ru/product/index/id/3176053/
3597032,Конструктор LEGO Harry Potter Хогвартс: ошибка с оборотным зельем 76386,1 799,1 369,https://www.detmir.ru/product/index/id/3597032/
3226597,Конструктор LEGO Friends Роскошный отдых на природе 41392,2 599,1 559,https://www.detmir.ru/product/index/id/3226597/
3405550,Конструктор LEGO Friends Дом семьи Андреа 41449,6 499,4 139,https://www.detmir.ru/product/index/id/3405550/
3597036,Конструктор LEGO Speed Champions Koenigsegg Jesko 76900,1 799,,https://www.detmir.ru/product/index/id/3597036/
3092801,Конструктор LEGO DUPLO Town Железнодорожный мост (10872),2 199,1 349,https://www.detmir.ru/product/index/id/3092801/
3405540,Конструктор LEGO Creator Космический робот для горных работ 31115,2 199,1 339,https://www.detmir.ru/product/index/id/3405540/
3596976,Конструктор LEGO Ninjago Спидер-амфибия ниндзя 71752,3 599,2 289,https://www.detmir.ru/product/index/id/3596976/
3597033,Конструктор LEGO Harry Potter Хогвартс: пушистая встреча 76387,3 699,2 349,https://www.detmir.ru/product/index/id/3597033/
3226587,Конструктор LEGO Minecraft Приключения в тайге 21162,899,809,https://www.detmir.ru/product/index/id/3226587/
3597034,Конструктор LEGO Harry Potter Визит в деревню Хогсмид 76388,7 499,4 689,https://www.detmir.ru/product/index/id/3597034/
3092804,Конструктор LEGO DUPLO Town Рельсы (10882),1 799,1 049,https://www.detmir.ru/product/index/id/3092804/
3142024,Конструктор LEGO DUPLO Town Пожарное депо 10903,4 499,2 869,https://www.detmir.ru/product/index/id/3142024/
3156354,Конструктор LEGO Marvel Super Heroes Лаборатория Железного человека 76125,5 499,3 369,https://www.detmir.ru/product/index/id/3156354/
3244536,Конструктор LEGO City Городской аэропорт 60261,4 499,2 799,https://www.detmir.ru/product/index/id/3244536/
3405626,Конструктор LEGO Ninjago Ниндзя-перехватчик Х-1 71737,4 499,2 839,https://www.detmir.ru/product/index/id/3405626/
3405651,Конструктор LEGO Technic Экскаватор Liebherr R 9800 42100,37 999,34 199,https://www.detmir.ru/product/index/id/3405651/
3200892,Конструктор LEGO Star Wars Episode IX Сокол Тысячелетия 75257,13 499,8 499,https://www.detmir.ru/product/index/id/3200892/
3244547,Конструктор LEGO Minions Миньоны и дом 75551,4 699,2 819,https://www.detmir.ru/product/index/id/3244547/
3122104,Конструктор LEGO Harry Potter Гремучая ива 75953,6 499,3 989,https://www.detmir.ru/product/index/id/3122104/
3405638,Конструктор LEGO Minecraft 21169,5 499,3 629,https://www.detmir.ru/product/index/id/3405638/
3405538,Конструктор LEGO Creator Транспортировщик гоночных автомобилей 31113,2 199,1 349,https://www.detmir.ru/product/index/id/3405538/
3405553,Конструктор LEGO Friends Передвижной груминг-салон для кошек 41439,799,529,https://www.detmir.ru/product/index/id/3405553/
3244592,Конструктор LEGO Ninjago Подземелье колдуна-скелета 71722,8 999,5 629,https://www.detmir.ru/product/index/id/3244592/
3405594,Конструктор LEGO City Great Vehicles Транспортировка самолёта на авиашоу 60289,2 499,1 599,https://www.detmir.ru/product/index/id/3405594/
3405554,Конструктор LEGO Friends Машина скорой ветеринарной помощи 41445,2 599,1 609,https://www.detmir.ru/product/index/id/3405554/
3596757,Конструктор LEGO DUPLO Town Гараж и автомойка 10948,8 999,5 399,https://www.detmir.ru/product/index/id/3596757/
3597020,Конструктор LEGO Ninjago Подводный Дар Судьбы 71756,13 499,8 499,https://www.detmir.ru/product/index/id/3597020/
3590734,Конструктор LEGO DUPLO Town Экспедиция на шаттле 10944,1 499,959,https://www.detmir.ru/product/index/id/3590734/
3597037,Конструктор LEGO Speed Champions Toyota GR Supra 76901,1 799,1 129,https://www.detmir.ru/product/index/id/3597037/
3405622,Конструктор LEGO Ninjago Деревня Хранителей 71747,4 499,2 739,https://www.detmir.ru/product/index/id/3405622/
3244512,Конструктор LEGO Friends Самолёт в Хартлейк Сити 41429,6 499,4 199,https://www.detmir.ru/product/index/id/3244512/
3142047,Конструктор LEGO Technic Chevrolet Corvette ZR1 42093,3 699,2 999,https://www.detmir.ru/product/index/id/3142047/
3405588,Конструктор LEGO City Great Vehicles Отпуск в доме на колесах 60283,1 499,969,https://www.detmir.ru/product/index/id/3405588/
3226584,Конструктор LEGO Minecraft Питомник панд 21158,1 799,1 169,https://www.detmir.ru/product/index/id/3226584/
3405603,Конструктор LEGO DC Super Heroes Майлс Моралес Робот 76171,999,929,https://www.detmir.ru/product/index/id/3405603/
3226644,Конструктор LEGO Disney Princess Книга приключений Анны и Эльзы 43175,1 699,1 069,https://www.detmir.ru/product/index/id/3226644/
3597029,Конструктор LEGO Super Heroes «Мстители: Финал» — решающая битва 76192,8 499,5 369,https://www.detmir.ru/product/index/id/3597029/
3244608,Конструктор LEGO Star Wars AT-AT 75288,13 999,8 299,https://www.detmir.ru/product/index/id/3244608/
3596975,Конструктор LEGO Ninjago Водный робот Ллойда 71750,1 699,1 059,https://www.detmir.ru/product/index/id/3596975/
3405649,Конструктор LEGO Technic Квадроцикл 42124,12 499,7 569,https://www.detmir.ru/product/index/id/3405649/
3226651,Конструктор LEGO City Police Полицейский вертолетный транспорт 60244,3 799,2 469,https://www.detmir.ru/product/index/id/3226651/
3596977,Конструктор LEGO Ninjago Атака огненного дракона 71753,4 499,2 839,https://www.detmir.ru/product/index/id/3596977/
3405548,Конструктор LEGO Friends Органическое кафе Хартлейк-Сити 41444,2 599,1 619,https://www.detmir.ru/product/index/id/3405548/
3596761,Конструктор LEGO DUPLO Town Самолет и аэропорт 10961,2 499,1 519,https://www.detmir.ru/product/index/id/3596761/
3188097,Конструктор LEGO Technic Экстремальный внедорожник 42099,19 999,11 159,https://www.detmir.ru/product/index/id/3188097/
3244532,Конструктор LEGO City Исследовательская подводная лодка 60264,2 499,1 529,https://www.detmir.ru/product/index/id/3244532/
3244603,Конструктор LEGO Star Wars Клоны-пехотинцы 501легиона 75280,2 799,1 819,https://www.detmir.ru/product/index/id/3244603/
3226681,Конструктор LEGO City Great Vehicles Транспортировщик скоростных катеров 60254,2 499,1 599,https://www.detmir.ru/product/index/id/3226681/
3405600,Конструктор LEGO DC Super Heroes Человек-Паук и Призрачный Гонщик против Карнажа 76173,1 799,,https://www.detmir.ru/product/index/id/3405600/
3142077,Конструктор LEGO City Fire Пожар в бургер-кафе 60214,2 499,1 619,https://www.detmir.ru/product/index/id/3142077/
3597018,Конструктор LEGO Ninjago Водный дракон 71754,6 499,4 089,https://www.detmir.ru/product/index/id/3597018/
3594631,Конструктор LEGO Super Heroes Веном 76187,5 999,5 299,https://www.detmir.ru/product/index/id/3594631/
3226750,Конструктор LEGO Speed Champions Lamborghini Urus ST-X Lamborghini Huracan Super Trofeo EVO 76899,5 499,3 879,https://www.detmir.ru/product/index/id/3226750/
3405593,Конструктор LEGO City Great Vehicles Транспортировка карта 60288,1 499,1 069,https://www.detmir.ru/product/index/id/3405593/
3226630,Конструктор LEGO Technic Шоу трюков на грузовиках и мотоциклах 42106,4 699,2 959,https://www.detmir.ru/product/index/id/3226630/
3144136,Конструктор LEGO Minecraft Последняя битва 21151,1 799,1 319,https://www.detmir.ru/product/index/id/3144136/
3226679,Конструктор LEGO City Great Vehicles Строительный бульдозер 60252,1 499,999,https://www.detmir.ru/product/index/id/3226679/
3405527,Конструктор LEGO DUPLO My First Поезд для животных 10955,1 599,1 009,https://www.detmir.ru/product/index/id/3405527/
3244517,Конструктор LEGO Friends Модный бутик Эммы 41427,2 599,1 609,https://www.detmir.ru/product/index/id/3244517/
3405525,Конструктор LEGO DUPLO Classic Шкатулка-сердечко 10909,1 599,1 299,https://www.detmir.ru/product/index/id/3405525/
3596969,Конструктор LEGO Super Mario Летучий корабль Боузера 71391,8 999,5 629,https://www.detmir.ru/product/index/id/3596969/
3244511,Конструктор LEGO Friends Пляжный домик 41428,4 499,2 919,https://www.detmir.ru/product/index/id/3244511/
3596758,Конструктор LEGO DUPLO My First Поезд с цифрами-учимся считать 10954,1 499,969,https://www.detmir.ru/product/index/id/3596758/
3244533,Конструктор LEGO City Исследовательская база 60265,5 499,3 409,https://www.detmir.ru/product/index/id/3244533/
3596836,Конструктор LEGO Dots Большой набор Летнее настроение 41937,2 599,1 529,https://www.detmir.ru/product/index/id/3596836/
2496001,Конструктор LEGO Creator Грозный динозавр (31058),1 399,839,https://www.detmir.ru/product/index/id/2496001/
3405605,Конструктор LEGO DC Super Heroes Капитан Америка Робот 76168,999,649,https://www.detmir.ru/product/index/id/3405605/
3405620,Конструктор LEGO Ninjago Мотоцикл Ллойда для джунглей 71745,1 699,1 099,https://www.detmir.ru/product/index/id/3405620/
3596785,Конструктор LEGO Friends Американские горки на Волшебной ярмарке 41685,8 499,5 059,https://www.detmir.ru/product/index/id/3596785/
3489842,Конструктор LEGO Minecraft Приключения на пиратском корабле 21152,4 599,,https://www.detmir.ru/product/index/id/3489842/
3226632,Конструктор LEGO Technic Гоночный автомобиль Top Gear 42109,12 499,7 499,https://www.detmir.ru/product/index/id/3226632/
3244591,Конструктор LEGO Ninjago Дракон чародея-скелета 71721,7 499,4 779,https://www.detmir.ru/product/index/id/3244591/
3596782,Конструктор LEGO Friends Школа Хартлейк Сити 41682,6 499,3 709,https://www.detmir.ru/product/index/id/3596782/
3405584,Конструктор LEGO City Fire Команда пожарных 60282,4 999,3 039,https://www.detmir.ru/product/index/id/3405584/
3405563,Конструктор LEGO Dots Секретная шкатулка 41924,1 759,1 599,https://www.detmir.ru/product/index/id/3405563/
3597027,Конструктор LEGO Super Heroes Железный человек: схватка с Железным Торговцем 76190,3 699,2 329,https://www.detmir.ru/product/index/id/3597027/
3405646,Конструктор LEGO Technic Гоночный самолёт 42117,899,699,https://www.detmir.ru/product/index/id/3405646/
3405624,Конструктор LEGO Ninjago Турнир стихий 71735,2 599,1 819,https://www.detmir.ru/product/index/id/3405624/
3244601,Конструктор LEGO Minecraft Битва за красную пыль 21163,4 699,3 919,https://www.detmir.ru/product/index/id/3244601/
3233714,Конструктор LEGO DUPLO Большая строительная пластина 2304,1 299,869,https://www.detmir.ru/product/index/id/3233714/
3405532,Конструктор LEGO DUPLO Town Фермерский трактор сарай и животные 10952,6 499,3 899,https://www.detmir.ru/product/index/id/3405532/
3226695,Конструктор LEGO City Nitro Wheels Тюнинг-мастерская 60258,8 999,5 729,https://www.detmir.ru/product/index/id/3226695/
3405578,Конструктор LEGO My City Современный дом для семьи 60291,4 499,2 809,https://www.detmir.ru/product/index/id/3405578/
3226727,Конструктор LEGO Super Heroes Железный человек 76140,999,639,https://www.detmir.ru/product/index/id/3226727/
3244613,Конструктор LEGO Technic Бетономешалка 42112,9 499,5 939,https://www.detmir.ru/product/index/id/3244613/
3405643,Конструктор LEGO Star Wars Истребитель типа Х Люка Скайуокера 75301,4 699,2 959,https://www.detmir.ru/product/index/id/3405643/
3596755,Конструктор LEGO DUPLO Town Семейное приключение на микроавтобусе 10946,2 499,1 529,https://www.detmir.ru/product/index/id/3596755/
3596771,Конструктор LEGO Creator Средневековый замок 31120,8 999,5 729,https://www.detmir.ru/product/index/id/3596771/
3244510,Конструктор LEGO Friends Штаб спасателей 41424,7 499,4 689,https://www.detmir.ru/product/index/id/3244510/
3244590,Конструктор LEGO Ninjago Каменный робот огня 71720,6 499,3 929,https://www.detmir.ru/product/index/id/3244590/
3405654,Конструктор LEGO Technic Bugatti Chiron 42083,34 899,32 999,https://www.detmir.ru/product/index/id/3405654/
3405555,Конструктор LEGO Friends Ветеринарная клиника Хартлейк-Сити 41446,3 599,2 269,https://www.detmir.ru/product/index/id/3405555/
3226589,Конструктор LEGO Creator Спортивный автомобиль 31100,899,579,https://www.detmir.ru/product/index/id/3226589/
3405655,Конструктор LEGO Technic Ferrari 488 GTE 42125,16 899,10 549,https://www.detmir.ru/product/index/id/3405655/
3405537,Конструктор LEGO Creator Кибердрон 31111,899,609,https://www.detmir.ru/product/index/id/3405537/
3597049,Конструктор LEGO Speed Champions Chevrolet Corvette C8.R Race Car and 1968 Chevrolet Corvette 76903,3 699,2 179,https://www.detmir.ru/product/index/id/3597049/
3188096,Конструктор LEGO DUPLO Princess Ледяной замок 10899,4 499,2 699,https://www.detmir.ru/product/index/id/3188096/
3226678,Конструктор LEGO City Great Vehicles Монстр-трак 60251,749,459,https://www.detmir.ru/product/index/id/3226678/
3142016,Конструктор LEGO DUPLO My First Мои первые машинки 10886,1 599,979,https://www.detmir.ru/product/index/id/3142016/
619001,Конструктор LEGO Classic Набор для творчества большого размера (10698),3 799,2 339,https://www.detmir.ru/product/index/id/619001/
3596781,Конструктор LEGO Friends Лесной дом на колесах и парусная лодка 41681,4 499,2 549,https://www.detmir.ru/product/index/id/3596781/
3596878,Конструктор LEGO Disney Princess Книга сказочных приключений Ариэль Белль Золушки и Тианы 43193,1 999,1 479,https://www.detmir.ru/product/index/id/3596878/
3226680,Конструктор LEGO City Great Vehicles Грузовик мороженщика 60253,1 499,969,https://www.detmir.ru/product/index/id/3226680/
3596973,Конструктор LEGO Ninjago Сверхзвуковой самолёт 71739,8 499,5 349,https://www.detmir.ru/product/index/id/3596973/
3405632,Конструктор LEGO Harry Potter Учёба в Хогвартсе Урок трансфигурации 76382,2 799,1 749,https://www.detmir.ru/product/index/id/3405632/
3596772,Конструктор LEGO Friends Тренировка лошади и прицеп для перевозки 41441,2 499,1 499,https://www.detmir.ru/product/index/id/3596772/
3405635,Конструктор LEGO Harry Potter Учёба в Хогвартсе Урок заклинаний 76385,2 799,2 199,https://www.detmir.ru/product/index/id/3405635/
3244479,Конструктор LEGO DUPLO Шаровой таран 10932,4 999,3 069,https://www.detmir.ru/product/index/id/3244479/
618981,Конструктор LEGO Classic Строительная пластина зеленого цвета (10700),699,449,https://www.detmir.ru/product/index/id/618981/
3244598,Конструктор LEGO Harry Potter Тисовая улица дом 4 75968,6 499,3 899,https://www.detmir.ru/product/index/id/3244598/
3596717,Конструктор LEGO DUPLO Disney Дом и кафе Минни 10942,4 499,2 909,https://www.detmir.ru/product/index/id/3596717/
3244553,Конструктор LEGO Super Heroes Человек-Паук Засада на веномозавра 76151,7 499,4 869,https://www.detmir.ru/product/index/id/3244553/
3405592,Конструктор LEGO City Great Vehicles Трактор 60287,1 499,969,https://www.detmir.ru/product/index/id/3405592/
3396151,Конструктор LEGO Star Wars Малыш 75318,7 499,4 539,https://www.detmir.ru/product/index/id/3396151/
3405636,Конструктор LEGO Minecraft Коралловый риф 21164,999,689,https://www.detmir.ru/product/index/id/3405636/
3405645,Конструктор LEGO Technic Фронтальный погрузчик 42116,899,699,https://www.detmir.ru/product/index/id/3405645/
3226704,Конструктор LEGO Ninjago Тропический внедорожник 71700,799,529,https://www.detmir.ru/product/index/id/3226704/
3597031,Конструктор LEGO Super Heroes Железный Человек Тони Старка на Сакааре 76194,2 999,1 839,https://www.detmir.ru/product/index/id/3597031/
3596779,Конструктор LEGO Friends Лесной водопад 41677,799,529,https://www.detmir.ru/product/index/id/3596779/
3498471,Конструктор LEGO Disney Princess Райя и Дворец сердца 43181,7 499,4 499,https://www.detmir.ru/product/index/id/3498471/
3596927,Конструктор LEGO Super Mario Небесный мир лакиту 71389,3 699,2 399,https://www.detmir.ru/product/index/id/3596927/
3597048,Конструктор LEGO Speed Champions McLaren Elva 76902,1 799,1 139,https://www.detmir.ru/product/index/id/3597048/
3405634,Конструктор LEGO Harry Potter Учёба в Хогвартсе Урок травологии 76384,2 799,1 649,https://www.detmir.ru/product/index/id/3405634/
3226627,Конструктор LEGO Technic Драгстер 42103,1 699,1 099,https://www.detmir.ru/product/index/id/3226627/
3596767,Конструктор LEGO Minecraft Современный домик на дереве 21174,11 499,6 899,https://www.detmir.ru/product/index/id/3596767/
3226604,Конструктор LEGO Friends Городская больница Хартлейк Сити 41394,5 499,3 389,https://www.detmir.ru/product/index/id/3226604/
3594629,Конструктор LEGO Super Heroes Бэтмен против Джокера погоня на Бэтмобиле 76180,2 799,2 299,https://www.detmir.ru/product/index/id/3594629/
3597019,Конструктор LEGO Ninjago Храм Бескрайнего моря 71755,9 999,6 079,https://www.detmir.ru/product/index/id/3597019/
3777768,Конструктор LEGO Минифигурки в непрозрачной упаковке (Сюрприз) 71031,279,249,https://www.detmir.ru/product/index/id/3777768/
3596800,Конструктор LEGO Friends Волшебное колесо обозрения и горка 41689,5 499,3 129,https://www.detmir.ru/product/index/id/3596800/
3226677,Конструктор LEGO City Great Vehicles Машина для очистки улиц 60249,749,519,https://www.detmir.ru/product/index/id/3226677/
3405601,Конструктор LEGO DC Super Heroes Монстр-трак Человека-Паука против Мистерио 76174,4 699,2 729,https://www.detmir.ru/product/index/id/3405601/
3597022,Конструктор LEGO Star Wars Имперский бронированный корвет типа Мародер 75311,3 699,3 299,https://www.detmir.ru/product/index/id/3597022/
3405546,Конструктор LEGO Disney Princess Книга сказочных приключений Эльзы и Нока 43189,1 699,1 099,https://www.detmir.ru/product/index/id/3405546/
3226709,Конструктор LEGO Ninjago Скоростные машины Джея и Ллойда 71709,2 599,1 739,https://www.detmir.ru/product/index/id/3226709/
3226603,Конструктор LEGO Friends Соревнование кондитеров 41393,3 599,2 339,https://www.detmir.ru/product/index/id/3226603/
3597053,Конструктор LEGO Jurassic World Погоня за карнотавром 76941,4 599,3 719,https://www.detmir.ru/product/index/id/3597053/
3244481,Конструктор LEGO DUPLO Подводный замок Ариэль 10922,2 599,2 049,https://www.detmir.ru/product/index/id/3244481/
3597023,Конструктор LEGO Star Wars Звездолет Бобы Фетта 75312,4 699,2 989,https://www.detmir.ru/product/index/id/3597023/
3142022,Конструктор LEGO DUPLO Town Пожарная машина 10901,1 499,969,https://www.detmir.ru/product/index/id/3142022/
3142199,Конструктор LEGO City Police Автомобиль полицейского патруля 60239,749,479,https://www.detmir.ru/product/index/id/3142199/
3405606,Конструктор LEGO Marvel Super Heroes Тор робот 76169,999,899,https://www.detmir.ru/product/index/id/3405606/
3405565,Конструктор LEGO Dots Креативный набор для праздника 41926,1 999,1 339,https://www.detmir.ru/product/index/id/3405565/
3405580,Конструктор LEGO City Town Дорожные пластины 60304,1 499,899,https://www.detmir.ru/product/index/id/3405580/
3226591,Конструктор LEGO Creator Огненный дракон 31102,1 799,1 139,https://www.detmir.ru/product/index/id/3226591/
3226626,Конструктор LEGO Technic Mini Claas Xerion 42102,899,569,https://www.detmir.ru/product/index/id/3226626/
3200882,Конструктор LEGO Disney Frozen Шкатулка Эльзы 41168,3 599,2 309,https://www.detmir.ru/product/index/id/3200882/
3144096,Конструктор LEGO Creator Обитатели морских глубин 31088,1 399,869,https://www.detmir.ru/product/index/id/3144096/
3092799,Конструктор LEGO DUPLO Disney День рождения Минни (10873),1 699,1 039,https://www.detmir.ru/product/index/id/3092799/
3405633,Конструктор LEGO Harry Potter Учёба в Хогвартсе Урок зельеварения 76383,2 799,1 719,https://www.detmir.ru/product/index/id/3405633/
3226564,Конструктор LEGO DUPLO Town Спальня 10926,1 299,799,https://www.detmir.ru/product/index/id/3226564/
3244577,Конструктор LEGO Super Mario Дом Марио и Йоши 71367,2 699,1 699,https://www.detmir.ru/product/index/id/3244577/
3405530,Конструктор LEGO DUPLO Town Фермерский трактор и животные 10950,1 599,1 039,https://www.detmir.ru/product/index/id/3405530/
3758560,Конструктор LEGO Star Wars Легкий имперский крейсер 75315,13 499,8 439,https://www.detmir.ru/product/index/id/3758560/
3239914,Набор для творчества LEGO DOTS Подставка для карандашей Ананас 41906,1 699,1 499,https://www.detmir.ru/product/index/id/3239914/
3405564,Конструктор LEGO Dots Хранение секретов 41925,1 299,1 199,https://www.detmir.ru/product/index/id/3405564/
3226749,Конструктор LEGO Speed Champions Formula E Panasonic Jaguar Racing GEN2 car Jaguar I-Pace eTrophy 76898,3 699,2 949,https://www.detmir.ru/product/index/id/3226749/
3597054,Конструктор LEGO Jurassic World Побег барионикса на катере 76942,7 499,4 769,https://www.detmir.ru/product/index/id/3597054/
3244549,Конструктор LEGO Super Heroes Халкбастер против агента А.И.М. 76164,3 699,2 399,https://www.detmir.ru/product/index/id/3244549/
3244480,Конструктор LEGO DUPLO Башенный кран на стройке 10933,9 999,6 159,https://www.detmir.ru/product/index/id/3244480/
3597025,Конструктор LEGO Super Heroes Корабль Чёрной Пантеры «Дракон» 76186,1 799,1 169,https://www.detmir.ru/product/index/id/3597025/
3226652,Конструктор LEGO City Police Ограбление полицейского монстр-трака 60245,4 499,2 859,https://www.detmir.ru/product/index/id/3226652/
3405534,Конструктор LEGO Jurassic World Побег динозавров: тираннозавр и трицератопс 10939,2 599,1 749,https://www.detmir.ru/product/index/id/3405534/
3596769,Конструктор LEGO Creator Приключения на космическом шаттле 31117,4 499,2 679,https://www.detmir.ru/product/index/id/3596769/
3405533,Конструктор LEGO DUPLO Disney Праздничный поезд Микки и Минни 10941,2 599,1 689,https://www.detmir.ru/product/index/id/3405533/
3405541,Конструктор LEGO Creator Домик на дереве для сафари 31116,2 699,1 659,https://www.detmir.ru/product/index/id/3405541/
3226746,Конструктор LEGO Speed Champions Ferrari F8 Tributo 76895,1 799,,https://www.detmir.ru/product/index/id/3226746/
3200891,Конструктор LEGO Star Wars Episode IX Шаттл Кайло Рена 75256,11 499,7 929,https://www.detmir.ru/product/index/id/3200891/
3405531,Конструктор LEGO DUPLO Town Конюшня для лошади и пони 10951,2 499,1 619,https://www.detmir.ru/product/index/id/3405531/
3244597,Конструктор LEGO Harry Potter Грохх и Долорес Амбридж 75967,2 799,1 779,https://www.detmir.ru/product/index/id/3244597/
3405609,Конструктор LEGO Jurassic World Побег галлимима и птеранодона 75940,5 499,4 949,https://www.detmir.ru/product/index/id/3405609/
3596786,Конструктор LEGO Friends Волшебная акробатика 41686,1 699,1 039,https://www.detmir.ru/product/index/id/3596786/
3405542,Конструктор LEGO Creator Пляжный домик серферов 31118,4 499,2 919,https://www.detmir.ru/product/index/id/3405542/
3244551,Конструктор LEGO Super Heroes Геликарриер 76153,11 499,6 899,https://www.detmir.ru/product/index/id/3244551/
3244535,Конструктор LEGO City Воздушная гонка 60260,2 499,1 569,https://www.detmir.ru/product/index/id/3244535/
3405577,Конструктор LEGO My City Скейт-парк 60290,2 619,1 499,https://www.detmir.ru/product/index/id/3405577/
3405641,Конструктор LEGO Star Wars Испытание на Татуине 75299,2 799,1 719,https://www.detmir.ru/product/index/id/3405641/
3200881,Конструктор LEGO Disney Frozen Деревня в Эренделле 41167,7 499,4 499,https://www.detmir.ru/product/index/id/3200881/
3244619,Конструктор LEGO Dots Настольный набор 41907,1 759,1 069,https://www.detmir.ru/product/index/id/3244619/
3244531,Конструктор LEGO City Мини-подлодка 60263,749,549,https://www.detmir.ru/product/index/id/3244531/
3596770,Конструктор LEGO Creator Колесо обозрения 31119,8 499,5 319,https://www.detmir.ru/product/index/id/3596770/
3596747,Конструктор LEGO DUPLO Town Мусоровоз и контейнеры для раздельного сбора мусора 10945,1 499,909,https://www.detmir.ru/product/index/id/3596747/
3226563,Конструктор LEGO DUPLO Town Игровая комната 10925,1 299,829,https://www.detmir.ru/product/index/id/3226563/
3200890,Конструктор LEGO Star Wars Йода 75255,9 499,5 939,https://www.detmir.ru/product/index/id/3200890/
3597052,Конструктор LEGO Jurassic World Скелет тираннозавра на выставке 76940,2 799,2 599,https://www.detmir.ru/product/index/id/3597052/
3405585,Конструктор LEGO City Police Полицейский вертолёт 60275,749,479,https://www.detmir.ru/product/index/id/3405585/
3405529,Конструктор LEGO DUPLO Town Уход за животными на ферме 10949,749,509,https://www.detmir.ru/product/index/id/3405529/
3405642,Конструктор LEGO Star Wars Имперский истребитель СИД 75300,3 699,2 349,https://www.detmir.ru/product/index/id/3405642/
3244485,Конструктор LEGO Creator Отпуск в доме на колесах 31108,7 499,4 319,https://www.detmir.ru/product/index/id/3244485/
3405535,Конструктор LEGO Classic Прозрачные кубики 11013,2 599,1 689,https://www.detmir.ru/product/index/id/3405535/
3226711,Конструктор LEGO Ninjago Кибердракон Джея 71711,4 499,3 439,https://www.detmir.ru/product/index/id/3226711/
3405552,Конструктор LEGO Friends Пекарня Хартлейк-Сити 41440,1 599,959,https://www.detmir.ru/product/index/id/3405552/
3620625,Конструктор LEGO Creator Крокодил 31121,2 699,,https://www.detmir.ru/product/index/id/3620625/
3498484,Конструктор LEGO Star Wars Имперский шаттл 75302,7 499,4 689,https://www.detmir.ru/product/index/id/3498484/
3181585,Конструктор LEGO Marvel Super Heroes Капитан Марвел и атака скруллов 76127,2 499,,https://www.detmir.ru/product/index/id/3181585/
3244516,Конструктор LEGO Friends Кафе в парке Хартлейк Сити 41426,1 699,1 129,https://www.detmir.ru/product/index/id/3244516/
3596783,Конструктор LEGO Friends Лесной клуб верховой езды 41683,6 499,4 089,https://www.detmir.ru/product/index/id/3596783/
3226558,Конструктор LEGO DUPLO Грузовик Алфавит 10915,2 499,1 499,https://www.detmir.ru/product/index/id/3226558/
3620626,Конструктор LEGO Creator Аквариум 31122,2 699,,https://www.detmir.ru/product/index/id/3620626/
3226710,Конструктор LEGO Ninjago Специальный автомобиль Ниндзя 71710,3 599,,https://www.detmir.ru/product/index/id/3226710/
3597028,Конструктор LEGO Super Heroes Перчатка бесконечности 76191,6 999,4 739,https://www.detmir.ru/product/index/id/3597028/
3405614,Конструктор LEGO Super Mario дополнительный набор загадочное испытание растения-пираньи 71382,2 699,1 559,https://www.detmir.ru/product/index/id/3405614/
3226693,Конструктор LEGO City Nitro Wheels Гоночные автомобили 60256,1 999,1 219,https://www.detmir.ru/product/index/id/3226693/
3777766,Конструктор LEGO Super Heroes Новогодний календарь 76196,2 799,2 029,https://www.detmir.ru/product/index/id/3777766/
3099183,Конструктор LEGO City Trains Рельсы 60205,1 499,969,https://www.detmir.ru/product/index/id/3099183/
3777767,Конструктор LEGO Harry Potter Новогодний календарь 76390,2 599,2 079,https://www.detmir.ru/product/index/id/3777767/
3244596,Конструктор LEGO Harry Potter Выручай-комната Хогвартса 75966,1 799,1 139,https://www.detmir.ru/product/index/id/3244596/
3405547,Конструктор LEGO Friends Электромобиль Оливии 41443,1 299,749,https://www.detmir.ru/product/index/id/3405547/
3597024,Конструктор LEGO Star Wars Звездный истребитель мандалорцев 75316,5 499,3 569,https://www.detmir.ru/product/index/id/3597024/
3758559,Конструктор LEGO Star Wars TM Штурмовой шаттл Бракованной Партии 75314,9 499,5 939,https://www.detmir.ru/product/index/id/3758559/
3226562,Конструктор LEGO DUPLO Super Heroes Лаборатория супергероев 10921,2 599,1 839,https://www.detmir.ru/product/index/id/3226562/
3244586,Конструктор LEGO Ninjago Летающий корабль Мастера Ву 71705,12 499,7 959,https://www.detmir.ru/product/index/id/3244586/
3108625,Конструктор LEGO City Trains Железнодорожные стрелки 60238,1 799,1 079,https://www.detmir.ru/product/index/id/3108625/
3226594,Конструктор LEGO Creator Городской магазин игрушек 31105,3 699,2 679,https://www.detmir.ru/product/index/id/3226594/
3226649,Конструктор LEGO City Police Арест на шоссе 60242,1 499,969,https://www.detmir.ru/product/index/id/3226649/
3405573,Конструктор LEGO Dots Брелок Леопард 41929,549,439,https://www.detmir.ru/product/index/id/3405573/
3334779,Конструктор LEGO Disney Princess Башня Рапунцель 43187,5 499,3 369,https://www.detmir.ru/product/index/id/3334779/
3405612,Конструктор LEGO Super Mario Твои уровни! Твои приключения! 71380,5 499,3 299,https://www.detmir.ru/product/index/id/3405612/
3244509,Конструктор LEGO Friends Спасение тигра на воздушном шаре 41423,3 599,2 339,https://www.detmir.ru/product/index/id/3244509/
3244585,Конструктор LEGO Ninjago Истребитель Кая 71704,3 599,2 269,https://www.detmir.ru/product/index/id/3244585/
3244525,Конструктор LEGO Dots Большой набор для создания браслетов 41913,2 199,1 459,https://www.detmir.ru/product/index/id/3244525/
3405569,Конструктор LEGO Dots Брелок Щенок 41927,549,369,https://www.detmir.ru/product/index/id/3405569/
618971,Строительная пластина LEGO Classic Серая (10701),1 299,799,https://www.detmir.ru/product/index/id/618971/
3596790,Конструктор LEGO Friends Киоск на Волшебной ярмарке 41687,2 599,1 639,https://www.detmir.ru/product/index/id/3596790/
3244572,Конструктор LEGO Super Mario Охраняемая крепость 71362,4 699,2 869,https://www.detmir.ru/product/index/id/3244572/
3244473,Конструктор LEGO DUPLO Бульдозер 10930,749,479,https://www.detmir.ru/product/index/id/3244473/
3405590,Конструктор LEGO City Great Vehicles Спортивный автомобиль 60285,749,479,https://www.detmir.ru/product/index/id/3405590/
3405591,Конструктор LEGO City Great Vehicles Пляжный спасательный вездеход 60286,749,479,https://www.detmir.ru/product/index/id/3405591/
3244515,Конструктор LEGO Friends Цветочный сад Оливии 41425,799,589,https://www.detmir.ru/product/index/id/3244515/
3226731,Конструктор LEGO Super Heroes Человек-паук 76146,999,839,https://www.detmir.ru/product/index/id/3226731/
3777764,Конструктор LEGO City Occasions Новогодний календарь 60303,1 699,1 359,https://www.detmir.ru/product/index/id/3777764/
3405608,Конструктор LEGO Jurassic World Лаборатория доктора Ву: Побег детёнышей динозавра 75939,1 799,,https://www.detmir.ru/product/index/id/3405608/
3244514,Конструктор LEGO Friends Дом Стефани 41398,3 299,2 139,https://www.detmir.ru/product/index/id/3244514/
3475283,Конструктор LEGO City Great Vehicles Автовоз 60305,2 499,,https://www.detmir.ru/product/index/id/3475283/
3405583,Конструктор LEGO City Fire Спасательный пожарный вертолёт 60281,2 499,1 619,https://www.detmir.ru/product/index/id/3405583/
3244483,Конструктор LEGO DUPLO Гонки Молнии МакКуина 10924,2 599,2 049,https://www.detmir.ru/product/index/id/3244483/
3405582,Конструктор LEGO City Fire Пожарная машина с лестницей 60280,1 499,969,https://www.detmir.ru/product/index/id/3405582/
3596926,Конструктор LEGO Super Mario Падающая башня босса братца-сумо 71388,2 699,1 619,https://www.detmir.ru/product/index/id/3596926/
3596920,Конструктор LEGO City Wildlife Спасательный внедорожник для зверей 60301,3 799,2 469,https://www.detmir.ru/product/index/id/3596920/
3596766,Конструктор LEGO Minecraft Небесная башня 21173,5 499,3 489,https://www.detmir.ru/product/index/id/3596766/
3244578,Конструктор LEGO Super Mario Погоня за сокровищами Тоада 71368,6 499,3 899,https://www.detmir.ru/product/index/id/3244578/
3244604,Конструктор LEGO Star Wars Джедайский перехватчик Энакина 75281,2 799,1 759,https://www.detmir.ru/product/index/id/3244604/
3244589,Конструктор LEGO Ninjago Бронированный носорог Зейна 71719,4 499,2 829,https://www.detmir.ru/product/index/id/3244589/
3405619,Конструктор LEGO Ninjago Электрический робот Джея 71740,1 699,1 099,https://www.detmir.ru/product/index/id/3405619/
3596879,Конструктор LEGO Disney Princess Зимняя сказка Анны и Эльзы 43194,3 599,2 289,https://www.detmir.ru/product/index/id/3596879/
3226648,Конструктор LEGO City Police Полицейский отряд с собакой 60241,749,479,https://www.detmir.ru/product/index/id/3226648/
3597021,Конструктор LEGO Star Wars Дуэль на Мандалоре 75310,1 799,1 129,https://www.detmir.ru/product/index/id/3597021/
3777765,Конструктор LEGO Star Wars Новогодний календарь 75307,2 599,2 079,https://www.detmir.ru/product/index/id/3777765/
3244507,Конструктор LEGO Friends Спасение слонёнка 41421,1 699,969,https://www.detmir.ru/product/index/id/3244507/
3226748,Конструктор LEGO Speed Champions 1985 Audi Sport quattro S1 76897,1 799,1 699,https://www.detmir.ru/product/index/id/3226748/
3234228,Конструктор LEGO Trolls Праздник в Поп-сити 41255,4 699,2 809,https://www.detmir.ru/product/index/id/3234228/
3142046,Конструктор LEGO Technic Спасательный вертолет 42092,2 699,2 299,https://www.detmir.ru/product/index/id/3142046/
3226565,Конструктор LEGO DUPLO Town Киоск-пиццерия 10927,749,539,https://www.detmir.ru/product/index/id/3226565/
3226712,Конструктор LEGO Ninjago Императорский храм Безумия 71712,6 999,4 619,https://www.detmir.ru/product/index/id/3226712/
3405574,Конструктор LEGO Dots Брелок Панда 41930,549,359,https://www.detmir.ru/product/index/id/3405574/
3596972,Конструктор LEGO Ninjago Мотоцикл Кая 71734,799,559,https://www.detmir.ru/product/index/id/3596972/
3226593,Конструктор LEGO Creator Грузовик Монстрбургер 31104,4 499,2 749,https://www.detmir.ru/product/index/id/3226593/
3596716,Конструктор LEGO DUPLO Super Heroes Штаб-квартира Человека-паука 10940,2 599,1 689,https://www.detmir.ru/product/index/id/3596716/
3889884,Конструктор LEGO Super Heroes Новый Асгард Бро Тора 76200,2 699,,https://www.detmir.ru/product/index/id/3889884/
3244605,Конструктор LEGO Star Wars Бронированный штурмовой танк AAT 75283,3 699,3 299,https://www.detmir.ru/product/index/id/3244605/
3226561,Конструктор LEGO DUPLO Princess Чаепитие у Эльзы и Олафа 10920,1 699,1 099,https://www.detmir.ru/product/index/id/3226561/
3142023,Конструктор LEGO DUPLO Town Полицейский участок 10902,2 499,2 199,https://www.detmir.ru/product/index/id/3142023/
3405526,Конструктор LEGO DUPLO My First Единорог 10953,799,469,https://www.detmir.ru/product/index/id/3405526/
3596890,Конструктор LEGO City Wildlife Спасательный вездеход для зверей 60300,749,529,https://www.detmir.ru/product/index/id/3596890/
3226570,Конструктор LEGO Classic Кубики и домики 11008,1 599,1 039,https://www.detmir.ru/product/index/id/3226570/
3405644,Конструктор LEGO Star Wars Мандалорец и малыш 75317,1 799,1 179,https://www.detmir.ru/product/index/id/3405644/
3405615,Конструктор LEGO Super Mario дополнительный набор ядовитое болото егозы 71383,3 699,2 329,https://www.detmir.ru/product/index/id/3405615/
3498473,Конструктор LEGO Disney Princess Лодка Буна 43185,4 599,4 139,https://www.detmir.ru/product/index/id/3498473/
3758558,Конструктор LEGO Super Mario Фигурки персонажей серия 3 71394,299,209,https://www.detmir.ru/product/index/id/3758558/
3405528,Конструктор LEGO DUPLO My First Пожарный вертолет и полицейский автомобиль 10957,799,519,https://www.detmir.ru/product/index/id/3405528/
3405549,Конструктор LEGO Friends Кинотеатр Хартлейк-Сити 41448,4 499,2 729,https://www.detmir.ru/product/index/id/3405549/
3596921,Конструктор LEGO City Wildlife 0 60302,8 499,5 139,https://www.detmir.ru/product/index/id/3596921/
3597030,Конструктор LEGO Super Heroes Корабль Стражей 76193,14 799,9 209,https://www.detmir.ru/product/index/id/3597030/
3596840,Конструктор LEGO DOTS Творческий набор для дизайнера 41938,3 599,2 339,https://www.detmir.ru/product/index/id/3596840/
3018900,Конструктор LEGO Модели на колёсах LEGO Classic (10715),1 999,,https://www.detmir.ru/product/index/id/3018900/
3405611,Конструктор LEGO Jurassic World Велоцираптор: спасение на биплане 75942,2 799,2 599,https://www.detmir.ru/product/index/id/3405611/
3187780,Конструктор LEGO Minecraft Мост ифрита 21154,3 699,3 499,https://www.detmir.ru/product/index/id/3187780/
3596822,Конструктор LEGO Dots Подставка для карандашей 41936,1 699,1 039,https://www.detmir.ru/product/index/id/3596822/
3244545,Конструктор LEGO Minions Невероятная погоня на мотоцикле 75549,1 799,1 169,https://www.detmir.ru/product/index/id/3244545/
3244529,Конструктор LEGO Dots Фоторамки 41914,1 759,1 109,https://www.detmir.ru/product/index/id/3244529/
3405607,Конструктор LEGO Super Heroes 76170,1 799,1 329,https://www.detmir.ru/product/index/id/3405607/
3187779,Конструктор LEGO Minecraft Шерстяная ферма 21153,1 799,1 619,https://www.detmir.ru/product/index/id/3187779/
3596974,Конструктор LEGO Ninjago Дар Судьбы Решающая битва 71749,3 599,2 289,https://www.detmir.ru/product/index/id/3596974/
3200859,Конструктор LEGO Disney Frozen Дорожные приключения Эльзы 41166,2 599,1 689,https://www.detmir.ru/product/index/id/3200859/
3244584,Конструктор LEGO Ninjago Бой на штормовом истребителе 71703,2 599,1 589,https://www.detmir.ru/product/index/id/3244584/
3596843,Конструктор LEGO Dots Брелок для сумки Единорог 41940,549,379,https://www.detmir.ru/product/index/id/3596843/
3226645,Конструктор LEGO Disney Princess Книга приключений Ариэль 43176,1 699,1 079,https://www.detmir.ru/product/index/id/3226645/
3226590,Конструктор LEGO Creator Монстр-трак 31101,1 399,899,https://www.detmir.ru/product/index/id/3226590/
3594632,Конструктор LEGO Star Wars Шлем Дарта Вейдера 75304,6 999,4 899,https://www.detmir.ru/product/index/id/3594632/
3244482,Конструктор LEGO DUPLO Бэтпещера 10919,2 999,1 999,https://www.detmir.ru/product/index/id/3244482/
3244544,Конструктор LEGO Minions Тренировочный полёт 75547,2 999,2 229,https://www.detmir.ru/product/index/id/3244544/
3244527,Конструктор LEGO Dots Браслет Мороженое 41910,549,399,https://www.detmir.ru/product/index/id/3244527/
3596763,Конструктор LEGO Classic Вокруг света 11015,4 499,2 559,https://www.detmir.ru/product/index/id/3596763/
3405544,Конструктор LEGO Disney Princess Королевская карета Золушки 43192,3 599,2 269,https://www.detmir.ru/product/index/id/3405544/
3596968,Конструктор LEGO Super Mario Нокдаун резноров 71390,6 499,4 219,https://www.detmir.ru/product/index/id/3596968/
3596876,Конструктор LEGO Technic Полноприводный грузовик-внедорожник Mercedes-Benz Zetros 42129,25 999,15 599,https://www.detmir.ru/product/index/id/3596876/
3405581,Конструктор LEGO City Fire Пожарный автомобиль 60279,749,469,https://www.detmir.ru/product/index/id/3405581/
3405539,Конструктор LEGO Creator Супербайк 31114,1 799,1 169,https://www.detmir.ru/product/index/id/3405539/
3405545,Конструктор LEGO Disney Princess Саламандра Бруни 43186,1 099,629,https://www.detmir.ru/product/index/id/3405545/
3226588,Конструктор LEGO Creator Винтовой самолет 31099,899,579,https://www.detmir.ru/product/index/id/3226588/
3244616,Конструктор LEGO Super Heroes Шлем железного человека 76165,5 969,5 599,https://www.detmir.ru/product/index/id/3244616/
3244573,Конструктор LEGO Super Mario Поки из пустыни 71363,1 799,1 019,https://www.detmir.ru/product/index/id/3244573/
3226720,Конструктор LEGO Star Wars Боевой набор Мандалорцы 75267,1 399,909,https://www.detmir.ru/product/index/id/3226720/
3226629,Конструктор LEGO Technic Катамаран 42105,3 699,2 319,https://www.detmir.ru/product/index/id/3226629/
3244574,Конструктор LEGO Super Mario Неприятности в крепости Вомпа 71364,1 799,1 239,https://www.detmir.ru/product/index/id/3244574/
3405572,Конструктор LEGO Dots Брелок Нарвал 41928,549,439,https://www.detmir.ru/product/index/id/3405572/
3405631,Конструктор LEGO Ninjago Легендарные битвы: Коул против Призрачного воина 71733,799,599,https://www.detmir.ru/product/index/id/3405631/
3244575,Конструктор LEGO Super Mario Мощная атака Растения-пираньи 71365,2 699,1 669,https://www.detmir.ru/product/index/id/3244575/
3244576,Конструктор LEGO Super Mario Огневой налёт Билла-банзай 71366,2 699,1 439,https://www.detmir.ru/product/index/id/3244576/
3596774,Конструктор LEGO Friends Кьюб Оливии для игр 41667,749,479,https://www.detmir.ru/product/index/id/3596774/
3226730,Конструктор LEGO Super Heroes Мстители Нападение на грузовик 76143,3 499,2 099,https://www.detmir.ru/product/index/id/3226730/
3226566,Конструктор LEGO DUPLO Town Пекарня 10928,3 399,2 719,https://www.detmir.ru/product/index/id/3226566/
3597026,Конструктор LEGO Super Heroes Битва Капитана Америка с Гидрой 76189,899,549,https://www.detmir.ru/product/index/id/3597026/
3597051,Конструктор LEGO Jurassic World Побег стигимолоха 76939,3 699,2 659,https://www.detmir.ru/product/index/id/3597051/
3405543,Конструктор LEGO Disney Princess Праздничный корабль Ариэль 43191,2 599,1 609,https://www.detmir.ru/product/index/id/3405543/
3594628,Конструктор LEGO Super Heroes Битва в древней деревне 76177,3 699,2 799,https://www.detmir.ru/product/index/id/3594628/
3596796,Конструктор LEGO Friends Волшебный фургон 41688,4 499,2 799,https://www.detmir.ru/product/index/id/3596796/
3405613,Конструктор LEGO Super Mario дополнительный набор Кусалкин на цепи-встреча в джунглях 71381,2 199,1 399,https://www.detmir.ru/product/index/id/3405613/
3475280,Конструктор LEGO Ninjago Дракон Оверлорда 71742,2 599,,https://www.detmir.ru/product/index/id/3475280/
3405604,Конструктор LEGO DC Super Heroes Бой Человека-паука с Песочным человеком 76172,899,799,https://www.detmir.ru/product/index/id/3405604/
3144089,Конструктор LEGO Classic Базовый набор кубиков 11002,1 599,979,https://www.detmir.ru/product/index/id/3144089/
3405559,Конструктор LEGO Friends Кьюб Стефани с котёнком 41665,749,489,https://www.detmir.ru/product/index/id/3405559/
3777569,Конструктор LEGO Friends Новогодний календарь 41690,1 999,,https://www.detmir.ru/product/index/id/3777569/
3244530,Конструктор LEGO Dots Шкатулка для драгоценностей 41915,1 699,1 339,https://www.detmir.ru/product/index/id/3244530/
3200889,Конструктор LEGO Star Wars Episode IX Диверсионный AT-ST 75254,5 499,,https://www.detmir.ru/product/index/id/3200889/
3596775,Конструктор LEGO Friends Модный кьюб Эммы 41668,749,489,https://www.detmir.ru/product/index/id/3596775/
3226708,Конструктор LEGO Ninjago Киберрынок 71708,2 999,,https://www.detmir.ru/product/index/id/3226708/
3594626,Конструктор LEGO Minifigures Минифигурки Looney Tunes в непрозрачной упаковке (Сюрприз)71030,279,,https://www.detmir.ru/product/index/id/3594626/
3334780,Конструктор LEGO Disney Princess Лесной домик Спящей красавицы 43188,3 599,2 189,https://www.detmir.ru/product/index/id/3334780/
3498474,Конструктор LEGO Vidiyo Бэндмейты 43101,399,229,https://www.detmir.ru/product/index/id/3498474/
3142194,Конструктор LEGO City Great Vehicles Яхта для дайвинга 60221,1 499,969,https://www.detmir.ru/product/index/id/3142194/
3244543,Конструктор LEGO Minions Миньоны в лаборатории Грю 75546,1 799,1 169,https://www.detmir.ru/product/index/id/3244543/
3889883,Конструктор LEGO Super Heroes Битва роботов Человек-Паук против Доктора Осьминога 76198,1 799,,https://www.detmir.ru/product/index/id/3889883/
3889881,Конструктор LEGO Super Heroes Человек-паук в мастерской Санктума 76185,3 699,,https://www.detmir.ru/product/index/id/3889881/
3175844,Конструктор LEGO DUPLO Town Путешествие субмарины 10910,1 599,1 199,https://www.detmir.ru/product/index/id/3175844/
3599722,Конструктор LEGO VIDIYO Robo HipHop Car (Машина Хип-Хоп Робота) 43112,2 499,1 619,https://www.detmir.ru/product/index/id/3599722/
3405629,Конструктор LEGO Ninjago Легендарные битвы: Зейн против Ниндроида 71731,799,519,https://www.detmir.ru/product/index/id/3405629/
3405628,Конструктор LEGO Ninjago Легендарные битвы: Кай против Армии скелетов 71730,799,499,https://www.detmir.ru/product/index/id/3405628/
619041,Конструктор LEGO Classic Набор для творчества (10692),1 299,799,https://www.detmir.ru/product/index/id/619041/
3244681,Конструктор LEGO Star Wars Шлем штурмовика 75276,5 959,3 859,https://www.detmir.ru/product/index/id/3244681/
3226654,Конструктор LEGO City Fire Лесные пожарные 60247,749,469,https://www.detmir.ru/product/index/id/3226654/
3596971,Конструктор LEGO Super Mario Марио-пчела 71393,899,579,https://www.detmir.ru/product/index/id/3596971/
3889882,Конструктор LEGO Super Heroes Дуэль дронов Человека-паука 76195,1 799,,https://www.detmir.ru/product/index/id/3889882/
3596777,Конструктор LEGO Friends Кьюб для балета Стефани 41670,749,529,https://www.detmir.ru/product/index/id/3596777/
3244526,Конструктор LEGO Dots Браслет Русалочка 41909,549,399,https://www.detmir.ru/product/index/id/3244526/
3405560,Конструктор LEGO Friends Кьюб Андреа с кроликом 41666,749,469,https://www.detmir.ru/product/index/id/3405560/
3620629,Конструктор LEGO Speed Champions Ford GT Heritage Edition and Bronco R 76905,4 699,4 199,https://www.detmir.ru/product/index/id/3620629/
3226646,Конструктор LEGO Disney Princess Книга приключений Белль 43177,1 699,1 069,https://www.detmir.ru/product/index/id/3226646/
3226707,Конструктор LEGO Ninjago Реактивный самолет Кая 71707,1 699,,https://www.detmir.ru/product/index/id/3226707/
3181587,Конструктор LEGO City Space Port Площадка для сборки и транспорт для перевозки ракеты 60229,10 999,,https://www.detmir.ru/product/index/id/3181587/
3596756,Конструктор LEGO DUPLO Town Гоночные машины 10947,4 499,2 809,https://www.detmir.ru/product/index/id/3596756/
3193103,Конструктор LEGO Hidden Side Трюковый грузовик Эль-Фуэго 70421,2 999,1 999,https://www.detmir.ru/product/index/id/3193103/
3405616,Конструктор LEGO Super Mario набор усилений Марио-пингвин 71384,899,539,https://www.detmir.ru/product/index/id/3405616/
3405618,Конструктор LEGO Super Mario фигурки персонажей 71386,299,,https://www.detmir.ru/product/index/id/3405618/
3405630,Конструктор LEGO Ninjago Легендарные битвы: Джей против воина-серпентина 71732,799,579,https://www.detmir.ru/product/index/id/3405630/
3244565,Конструктор LEGO Super Heroes Мобильная база Бэтмена 76160,8 499,5 179,https://www.detmir.ru/product/index/id/3244565/
3226571,Конструктор LEGO Classic Пластина базовая Белая 11010,599,379,https://www.detmir.ru/product/index/id/3226571/
3018889,Конструктор LEGO Аэропорт DUPLO Town (10871),1 999,1 579,https://www.detmir.ru/product/index/id/3018889/
3018898,Конструктор LEGO Чемоданчик для творчества и конструирования Classic (10713),1 599,979,https://www.detmir.ru/product/index/id/3018898/
3176006,Конструктор LEGO Ninjago Райский уголок 70677,9 499,6 934,https://www.detmir.ru/product/index/id/3176006/
3890017,Конструктор LEGO Super Heroes Бэтмобиль Тумблер схватка с Пугалом 76239,3 699,,https://www.detmir.ru/product/index/id/3890017/
3405589,Конструктор LEGO City Great Vehicles Автомобиль для дорожных работ 60284,749,479,https://www.detmir.ru/product/index/id/3405589/
3234224,Конструктор LEGO Trolls Домик-бутон Розочки 41251,1 799,1 079,https://www.detmir.ru/product/index/id/3234224/
3244595,Конструктор LEGO Ninjago Шквал Кружитцу-Ллойд 70687,749,699,https://www.detmir.ru/product/index/id/3244595/
3226747,Конструктор LEGO Speed Champions Nissan GT-R NISMO 76896,1 799,,https://www.detmir.ru/product/index/id/3226747/
3226697,Конструктор LEGO Hidden Side Пляжный багги Джека 70428,1 699,1 169,https://www.detmir.ru/product/index/id/3226697/
3498477,Конструктор LEGO Vidiyo Битбокс Диджея Пришельца 43104,1 499,1 069,https://www.detmir.ru/product/index/id/3498477/
3599725,Конструктор LEGO VIDIYO The Boombox (Бумбокс) 43115,8 999,5 729,https://www.detmir.ru/product/index/id/3599725/
3594630,Конструктор LEGO Super Heroes Маска Бэтмена 76182,5 999,3 789,https://www.detmir.ru/product/index/id/3594630/
3596970,Конструктор LEGO Super Mario Марио-лягушка 71392,899,539,https://www.detmir.ru/product/index/id/3596970/
3597050,Конструктор LEGO Speed Champions Mopar Dodge//SRT Top Fuel Dragster and 1970 Dodge Challenger T/A 76904,5 499,3 549,https://www.detmir.ru/product/index/id/3597050/
3594627,Конструктор LEGO Super Heroes Побег от Десяти колец 76176,2 799,1 899,https://www.detmir.ru/product/index/id/3594627/
3596759,Конструктор LEGO DUPLO Town Парк развлечений 10956,9 999,6 249,https://www.detmir.ru/product/index/id/3596759/
3144088,Конструктор LEGO Classic Модели из кубиков 11001,799,579,https://www.detmir.ru/product/index/id/3144088/
3596881,Конструктор LEGO Disney Princess Замок Белль и Чудовища 43196,7 499,4 779,https://www.detmir.ru/product/index/id/3596881/
3498482,Конструктор LEGO Star Wars Истребитель Сопротивления типа X 75297,1 799,1 169,https://www.detmir.ru/product/index/id/3498482/
3498483,Конструктор LEGO Star Wars Микрофайтеры AT-AT против таунтауна 75298,1 799,1 169,https://www.detmir.ru/product/index/id/3498483/
3226726,Конструктор LEGO Star Wars Истребитель типа Х По Дамерона 75273,9 499,5 629,https://www.detmir.ru/product/index/id/3226726/
3122102,Конструктор LEGO Harry Potter Побег Грин-де-Вальда 75951,2 299,1 839,https://www.detmir.ru/product/index/id/3122102/
3620627,Конструктор LEGO City Wildlife Лагерь спасения дикой природы 60307,8 999,8 499,https://www.detmir.ru/product/index/id/3620627/
3244580,Конструктор LEGO Super Mario Марио-пожарный 71370,899,579,https://www.detmir.ru/product/index/id/3244580/
3596818,Конструктор LEGO Dots Большой набор тайлов 41935,1 799,1 129,https://www.detmir.ru/product/index/id/3596818/
3234227,Конструктор LEGO Trolls Концерт в городе Рок-на-Вулкане 41254,3 699,2 249,https://www.detmir.ru/product/index/id/3234227/
3405556,Конструктор LEGO Friends Кьюб Оливии с фламинго 41662,749,479,https://www.detmir.ru/product/index/id/3405556/
3596877,Конструктор LEGO Technic Бульдозер Cat D11T 42131,40 999,,https://www.detmir.ru/product/index/id/3596877/
3181584,Конструктор LEGO Friends Экскурсия по Хартлейк-Сити на самолете 41343,2 299,1 716,https://www.detmir.ru/product/index/id/3181584/
3620628,Конструктор LEGO City Police Операция береговой полиции и пожарных 60308,3 599,3 399,https://www.detmir.ru/product/index/id/3620628/
3596889,Конструктор LEGO City Stunt 0 60299,1 499,,https://www.detmir.ru/product/index/id/3596889/
3244582,Конструктор LEGO Super Mario Марио-кот 71372,899,579,https://www.detmir.ru/product/index/id/3244582/
3226666,Конструктор LEGO City Fire Пожарный спасательный вертолет 60248,1 999,1 299,https://www.detmir.ru/product/index/id/3226666/
3599721,Конструктор LEGO VIDIYO Candy Castle Stage (Сцена карамельного замка) 43111,2 499,1 589,https://www.detmir.ru/product/index/id/3599721/
3234225,Конструктор LEGO Trolls Путешествие Розочки на воздушном шаре 41252,2 999,1 949,https://www.detmir.ru/product/index/id/3234225/
3405566,Конструктор LEGO Dots Браслет Звёздное небо 41934,529,349,https://www.detmir.ru/product/index/id/3405566/
3244528,Конструктор LEGO Dots Браслеты Приключения 41918,549,399,https://www.detmir.ru/product/index/id/3244528/
3596842,Конструктор LEGO Dots Брелок для сумки Дракон 41939,549,409,https://www.detmir.ru/product/index/id/3596842/
3244593,Конструктор LEGO Ninjago Шквал Кружитцу-Коул 70685,799,719,https://www.detmir.ru/product/index/id/3244593/
3596778,Конструктор LEGO Friends Кьюб Андреа для плавания 41671,749,469,https://www.detmir.ru/product/index/id/3596778/
3599719,Конструктор LEGO VIDIYO Metal Dragon BeatBox (Битбокс Дракона-Металлиста) 43109,1 499,969,https://www.detmir.ru/product/index/id/3599719/
3594634,Конструктор LEGO Star Wars Имперский разведывательный дроид 75306,6 999,4 689,https://www.detmir.ru/product/index/id/3594634/
3498481,Конструктор LEGO Vidiyo Битбокс Хип-Хоп Робота 43107,1 499,1 099,https://www.detmir.ru/product/index/id/3498481/
3226568,Конструктор LEGO Classic Синий 11006,399,309,https://www.detmir.ru/product/index/id/3226568/
3142021,Конструктор LEGO DUPLO Town Полицейский мотоцикл 10900,749,469,https://www.detmir.ru/product/index/id/3142021/
3498479,Конструктор LEGO Vidiyo Битбокс Любителя вечеринок Л.Л.А.М.А 43105,1 499,999,https://www.detmir.ru/product/index/id/3498479/
3226725,Конструктор LEGO Star Wars Истребитель Сид ситхов 75272,6 309,4 089,https://www.detmir.ru/product/index/id/3226725/
3175845,Конструктор LEGO DUPLO Town Тропический остров 10906,4 799,,https://www.detmir.ru/product/index/id/3175845/
3599723,Конструктор LEGO VIDIYO K-Pawp Concert (Концерт в стиле К-поп) 43113,4 499,2 729,https://www.detmir.ru/product/index/id/3599723/
3405557,Конструктор LEGO Friends Кьюб Эммы с далматинцем 41663,749,459,https://www.detmir.ru/product/index/id/3405557/
3405640,Конструктор LEGO Star Wars Микрофайтеры Сокол тысячелетия 75295,899,559,https://www.detmir.ru/product/index/id/3405640/
3176003,Конструктор LEGO Ninjago Огненный кинжал 70674,3 499,3 149,https://www.detmir.ru/product/index/id/3176003/
3405576,Конструктор LEGO Dots Браслет Музыка 41933,499,419,https://www.detmir.ru/product/index/id/3405576/
3018899,Конструктор LEGO Синяя базовая пластина Classic (10714),599,369,https://www.detmir.ru/product/index/id/3018899/
3475282,Конструктор LEGO DUPLO Classic Веселый день рождения 10958,5 499,4 999,https://www.detmir.ru/product/index/id/3475282/
3226744,Конструктор LEGO Super Heroes Угрозы Мистерио 76149,2 999,2 699,https://www.detmir.ru/product/index/id/3226744/
3244615,Конструктор LEGO Star Wars TM Шлем Бобы Фетта 75277,5 969,3 899,https://www.detmir.ru/product/index/id/3244615/
3244594,Конструктор LEGO Ninjago Шквал Кружитцу-Кай 70686,749,,https://www.detmir.ru/product/index/id/3244594/
3596776,Конструктор LEGO Friends Футбольный кьюб Мии 41669,749,469,https://www.detmir.ru/product/index/id/3596776/
3244581,Конструктор LEGO Super Mario Марио-вертолет 71371,899,689,https://www.detmir.ru/product/index/id/3244581/
3405558,Конструктор LEGO Friends Кьюб Мии с мопсом 41664,749,469,https://www.detmir.ru/product/index/id/3405558/
3594633,Конструктор LEGO Star Wars Шлем пехотинца-разведчика 75305,4 999,3 599,https://www.detmir.ru/product/index/id/3594633/
3166176,Конструктор LEGO Minifigures Серия Disney 2 71024,249,199,https://www.detmir.ru/product/index/id/3166176/
3226724,Конструктор LEGO Star Wars Спидер Люка Сайуокера 75271,2 799,1 739,https://www.detmir.ru/product/index/id/3226724/
3244587,Конструктор LEGO Ninjago Путешествие в Подземелье черепа 71717,2 499,,https://www.detmir.ru/product/index/id/3244587/
3620624,Конструктор LEGO Friends Серферский дом на берегу 41693,6 199,,https://www.detmir.ru/product/index/id/3620624/
3150691,Конструктор LEGO DUPLO Toy Story Поезд 10894,1 799,1 619,https://www.detmir.ru/product/index/id/3150691/
3244583,Конструктор LEGO Super Mario Марио-строитель 71373,899,749,https://www.detmir.ru/product/index/id/3244583/
3244487,Конструктор LEGO Disney Princess Зимний праздник в замке Белль 43180,4 299,3 699,https://www.detmir.ru/product/index/id/3244487/
3405595,Конструктор LEGO Minifigures Минифигурки Серия 21 71029,249,,https://www.detmir.ru/product/index/id/3405595/
3475284,Конструктор LEGO City Торговая улица 60306,5 999,,https://www.detmir.ru/product/index/id/3475284/
3405562,Конструктор LEGO Dots Браслет Монстры 41923,529,399,https://www.detmir.ru/product/index/id/3405562/
3405617,Конструктор LEGO Super Mario набор усилений Марио Тануки 71385,899,539,https://www.detmir.ru/product/index/id/3405617/
3175869,Конструктор LEGO Friends Катер для спасательных операций 41381,6 999,,https://www.detmir.ru/product/index/id/3175869/
3596888,Конструктор LEGO City Stunt 0 60298,599,,https://www.detmir.ru/product/index/id/3596888/
3334781,Конструктор LEGO Minifigures Harry Potter 2 71028,249,,https://www.detmir.ru/product/index/id/3334781/
3475286,Конструктор LEGO Friends Набор кубиков Хартлейк Сити 41431,3 599,,https://www.detmir.ru/product/index/id/3475286/
3239910,Набор для творчества LEGO DOTS Браслет Сверкающий единорог 41902,489,329,https://www.detmir.ru/product/index/id/3239910/
3405597,Конструктор LEGO Super Heroes Засада Девиантов 76154,1 499,,https://www.detmir.ru/product/index/id/3405597/
3226698,Конструктор LEGO Hidden Side Трюковый самолет Эль-Фуэго 70429,2 299,,https://www.detmir.ru/product/index/id/3226698/
3405561,Конструктор LEGO Dots Тайлы — серия 3 41921,299,189,https://www.detmir.ru/product/index/id/3405561/
3596883,Конструктор LEGO City Парк каскадёров 60293,2 499,,https://www.detmir.ru/product/index/id/3596883/
3596884,Конструктор LEGO Грузовик для шоу каскадёров 60294,5 499,,https://www.detmir.ru/product/index/id/3596884/
3226745,Конструктор LEGO Super Heroes Реактивный самолет Человека-паука против Робота Венома 76150,3 499,,https://www.detmir.ru/product/index/id/3226745/
3599724,Конструктор LEGO VIDIYO Punk Pirate Ship (Корабль Пирата Панка) 43114,5 999,3 899,https://www.detmir.ru/product/index/id/3599724/
3239911,Набор для творчества LEGO DOTS Браслет Космические чудеса 41903,489,369,https://www.detmir.ru/product/index/id/3239911/
3244559,Конструктор LEGO Super Heroes Погоня за Пингвином на Бэткатере 76158,899,729,https://www.detmir.ru/product/index/id/3244559/
3226569,Конструктор LEGO Classic Зеленый 11007,399,319,https://www.detmir.ru/product/index/id/3226569/
3239909,Набор для творчества LEGO DOTS Браслет Забавные животные 41901,489,349,https://www.detmir.ru/product/index/id/3239909/
3498480,Конструктор LEGO Vidiyo Битбокс Диджея Единорога 43106,1 499,969,https://www.detmir.ru/product/index/id/3498480/
3599720,Конструктор LEGO VIDIYO Folk Fairy BeatBox (Битбокс Феи Фолка) 43110,1 499,969,https://www.detmir.ru/product/index/id/3599720/
3244618,Конструктор LEGO Dots Браслет молния 41919,499,369,https://www.detmir.ru/product/index/id/3244618/
3200858,Конструктор LEGO Disney Frozen Экспедиция Анны на каноэ 41165,1 699,1 139,https://www.detmir.ru/product/index/id/3200858/
3156348,Конструктор LEGO 4+ Приключения Базза и Бо Пип на детской площадке 10768,2 199,1 349,https://www.detmir.ru/product/index/id/3156348/
3498476,Конструктор LEGO Vidiyo Битбокс Пирата Панка 43103,1 499,969,https://www.detmir.ru/product/index/id/3498476/
3596887,Конструктор LEGO City Stunt 0 60297,599,,https://www.detmir.ru/product/index/id/3596887/
3596885,Конструктор LEGO City Арена для шоу каскадёров 60295,8 999,,https://www.detmir.ru/product/index/id/3596885/
3889880,Конструктор LEGO Super Heroes Человек-паук против атаки дронов Мистерио 76184,1 799,,https://www.detmir.ru/product/index/id/3889880/
3239830,Набор для творчества LEGO DOTS Браслет Радуга 41900,449,329,https://www.detmir.ru/product/index/id/3239830/
3620623,Конструктор LEGO Mickey and Friends Ферма Микки и Дональда 10775,2 599,2 399,https://www.detmir.ru/product/index/id/3620623/
3142201,Конструктор LEGO Movie Набор кинорежиссёра 70820,3 799,2 509,https://www.detmir.ru/product/index/id/3142201/
3758561,Конструктор LEGO Super Heroes Капитан Картер и штурмовик Гидры 76201,2 799,,https://www.detmir.ru/product/index/id/3758561/
3596880,Конструктор LEGO Disney Princess Королевская конюшня Белль и Рапунцель 43195,4 599,2 759,https://www.detmir.ru/product/index/id/3596880/
3244538,Конструктор LEGO Side Подводная лодка Джей-Би 70433,1 699,,https://www.detmir.ru/product/index/id/3244538/
3498475,Конструктор LEGO Vidiyo Битбокс Карамельной Русалки 43102,1 499,949,https://www.detmir.ru/product/index/id/3498475/
3405599,Конструктор LEGO Super Heroes Взлёт Домо 76156,7 999,,https://www.detmir.ru/product/index/id/3405599/
3244524,Конструктор LEGO Dots Браслет Чемпионки 41911,499,449,https://www.detmir.ru/product/index/id/3244524/
3596713,Конструктор LEGO Mickey and Friends Магазин мороженого Минни 10773,1 599,,https://www.detmir.ru/product/index/id/3596713/
3200883,Конструктор LEGO Disney Frozen Олаф 41169,1 299,899,https://www.detmir.ru/product/index/id/3200883/
3237716,Конструктор LEGO Speed Champions Автомобили 2018 Dodge Challenger SRT Demon+1970 Dodge Charger R/T 75893,3 399,,https://www.detmir.ru/product/index/id/3237716/
3596714,Конструктор LEGO Mickey and Friends Космическая ракета Микки и Минни 10774,1 599,,https://www.detmir.ru/product/index/id/3596714/
3596804,Конструктор LEGO DOTS Тайлы DOTS — серия 5 41932,299,189,https://www.detmir.ru/product/index/id/3596804/
3226647,Конструктор LEGO Disney Princess Праздник в замке Золушки 43178,2 499,2 249,https://www.detmir.ru/product/index/id/3226647/
3405575,Конструктор LEGO Dots Тайлы — серия 4 41931,299,239,https://www.detmir.ru/product/index/id/3405575/
3142212,Конструктор LEGO Movie Дом мечты Спасательная ракета Эммета! 70831,4 499,2 739,https://www.detmir.ru/product/index/id/3142212/
3239915,Набор для творчества LEGO DOTS дополнительные элементы 109деталей 41908,249,169,https://www.detmir.ru/product/index/id/3239915/
3142211,Конструктор LEGO Movie Падруженский Звездолёт Мими Катавасии 70830,5 299,4 239,https://www.detmir.ru/product/index/id/3142211/
3234223,Конструктор LEGO Trolls Вечеринка на техно-рифе 41250,1 999,1 359,https://www.detmir.ru/product/index/id/3234223/
3405598,Конструктор LEGO Super Heroes Вечные перед лицом Аришема 76155,6 499,,https://www.detmir.ru/product/index/id/3405598/
3175956,Конструктор LEGO City Space Port Лунная космическая станция 60227,3 799,,https://www.detmir.ru/product/index/id/3175956/
3244602,Конструктор LEGO Star Wars Дроид D-O 75278,6 299,4 599,https://www.detmir.ru/product/index/id/3244602/
3890015,Конструктор LEGO Super Heroes Святилище II финальная битва 76237,3 699,,https://www.detmir.ru/product/index/id/3890015/
3234226,Конструктор LEGO Trolls Приключение на плоту в Кантри-тауне 41253,2 499,1 699,https://www.detmir.ru/product/index/id/3234226/
3244617,Конструктор LEGO Dots Браслет волшебный лес 41917,489,359,https://www.detmir.ru/product/index/id/3244617/
3142014,Конструктор LEGO DUPLO My First Мои первые цирковые животные 10884,1 299,999,https://www.detmir.ru/product/index/id/3142014/
3226699,Конструктор LEGO Hidden Side Метро Ньюбери 70430,2 299,2 069,https://www.detmir.ru/product/index/id/3226699/
3244555,Конструктор LEGO Super Heroes Чудо-женщина против Гепарды 76157,3 499,2 269,https://www.detmir.ru/product/index/id/3244555/
3142209,Конструктор LEGO Movie Автобус для вечеринки 70828,6 999,4 619,https://www.detmir.ru/product/index/id/3142209/
3596711,Конструктор LEGO Mickey and Friends Винтовой самолёт Микки 10772,799,,https://www.detmir.ru/product/index/id/3596711/
3144108,Конструктор LEGO Disney Princess Башенка Рапунцель 41163,999,699,https://www.detmir.ru/product/index/id/3144108/
3156360,Конструктор LEGO Star Wars Разрушение генераторов на Хоте 75239,2 299,1 839,https://www.detmir.ru/product/index/id/3156360/
3144103,Конструктор LEGO Disney Princess Башенка Жасмин 41158,999,669,https://www.detmir.ru/product/index/id/3144103/
3156353,Конструктор LEGO Marvel Super Heroes Капитан Америка Атака Аутрайдеров 76123,1 999,,https://www.detmir.ru/product/index/id/3156353/
3176024,Конструктор LEGO Creator 2роторный вертолёт 31096,3 799,,https://www.detmir.ru/product/index/id/3176024/
3181586,Конструктор LEGO Star Wars Спасение Люка на планете Хот 75203,2 999,,https://www.detmir.ru/product/index/id/3181586/
3104157,Конструктор LEGO Unikitty Машина-облако Юникитти 41451,1 099,829,https://www.detmir.ru/product/index/id/3104157/
3251239,Конструктор LEGO Friends Игровая шкатулка Покупки Андреа 41405,769,699,https://www.detmir.ru/product/index/id/3251239/
3226643,Конструктор LEGO Disney Princess Книга приключений Мулан 43174,1 599,1 439,https://www.detmir.ru/product/index/id/3226643/
3405596,Конструктор LEGO Super Heroes Воздушное нападение Вечных 76145,999,,https://www.detmir.ru/product/index/id/3405596/
3239916,Набор для творчества LEGO DOTS Браслет Попугайчики 41912,449,329,https://www.detmir.ru/product/index/id/3239916/
3156358,Конструктор LEGO Star Wars Нападение на планету Эндор 75238,2 299,1 839,https://www.detmir.ru/product/index/id/3156358/
3142197,Конструктор LEGO City Supplementary Прямой и Т-образный перекресток 60236,799,639,https://www.detmir.ru/product/index/id/3142197/
3156347,Конструктор LEGO 4+ Трюковое шоу Дюка Бубумса 10767,1 499,1 139,https://www.detmir.ru/product/index/id/3156347/
3144090,Конструктор LEGO Classic Кубики и глазки 11003,2 199,1 499,https://www.detmir.ru/product/index/id/3144090/
3244523,Конструктор LEGO Dots Тайлы Dots 41916,249,229,https://www.detmir.ru/product/index/id/3244523/
3244548,Конструктор LEGO Minifigures 20 71027,249,,https://www.detmir.ru/product/index/id/3244548/
3092814,Конструктор LEGO Friends Шкатулка дружбы 41346,3 799,3 039,https://www.detmir.ru/product/index/id/3092814/
3092819,Конструктор LEGO Friends Большая гонка 41352,4 499,3 439,https://www.detmir.ru/product/index/id/3092819/
3226694,Конструктор LEGO City Nitro Wheels Станция технического обслуживания 60257,3 799,2 699,https://www.detmir.ru/product/index/id/3226694/
3175867,Конструктор LEGO Friends Спасение дельфинов 41378,2 999,,https://www.detmir.ru/product/index/id/3175867/
3142206,Конструктор LEGO Movie Шкатулка королевы Многолики Собери что хочешь 70825,2 999,2 699,https://www.detmir.ru/product/index/id/3142206/
3226634,Конструктор LEGO Disney Princess Королевская карета Авроры 43173,749,669,https://www.detmir.ru/product/index/id/3226634/
3156344,Конструктор LEGO Marvel Super Heroes Реактивный самолёт Старка и атака дрона 76130,4 999,3 799,https://www.detmir.ru/product/index/id/3156344/
3176049,Конструктор LEGO Ninjago Замок проклятого императора 70678,7 499,,https://www.detmir.ru/product/index/id/3176049/
3226743,Конструктор LEGO Super Heroes Человек-паук против Доктора Осьминога 76148,2 499,,https://www.detmir.ru/product/index/id/3226743/
3244546,Конструктор LEGO Minions Бойцы кунг-фу 75550,3 699,2 399,https://www.detmir.ru/product/index/id/3244546/
3175988,Конструктор LEGO City Town Открытие магазина по продаже пончиков 60233,5 999,4 049,https://www.detmir.ru/product/index/id/3175988/
3200856,Конструктор LEGO Disney Frozen Заколдованный домик на дереве 41164,4 499,,https://www.detmir.ru/product/index/id/3200856/
3142205,Конструктор LEGO Movie Познакомьтесь с королевой Многоликой Прекрасной 70824,1 499,999,https://www.detmir.ru/product/index/id/3142205/
3104158,Конструктор LEGO Unikitty Велосипед принца Паппикорна 41452,1 099,819,https://www.detmir.ru/product/index/id/3104158/
3251241,Конструктор LEGO Friends Игровая шкатулка Покупки Оливии 41407,699,629,https://www.detmir.ru/product/index/id/3251241/
3244521,Конструктор LEGO Friends Летняя шкатулка Мии 41413,699,449,https://www.detmir.ru/product/index/id/3244521/
3475287,Конструктор LEGO Friends Парк Хартлейк Сити 41447,3 499,,https://www.detmir.ru/product/index/id/3475287/
3104174,Конструктор LEGO Super Heroes Бэтмен ликвидация Глаза брата 76111,2 999,,https://www.detmir.ru/product/index/id/3104174/
3142052,Конструктор LEGO City Police Воздушная полиция: арест парашютиста 60208,2 199,1 979,https://www.detmir.ru/product/index/id/3142052/
3156345,Конструктор LEGO 4+ Вуди на машине 10766,799,539,https://www.detmir.ru/product/index/id/3156345/
3142002,Конструктор LEGO Super Heroes Паучий вездеход 76114,3 299,,https://www.detmir.ru/product/index/id/3142002/
3200886,Конструктор LEGO Star Wars Episode IX Звездный истребитель повстанцев типа А 75248,2 299,,https://www.detmir.ru/product/index/id/3200886/
3596715,Конструктор LEGO Mickey and Friends Пожарная часть и машина Микки и его друзей 10776,4 499,,https://www.detmir.ru/product/index/id/3596715/
3156357,Конструктор LEGO Star Wars Битва при базе Старкиллер 75236,1 499,,https://www.detmir.ru/product/index/id/3156357/
3226592,Конструктор LEGO Creator Грузовик-ракета 31103,1 799,1 469,https://www.detmir.ru/product/index/id/3226592/
3156351,Конструктор LEGO 4+ Парк аттракционов Базза и Вуди 10770,3 999,3 599,https://www.detmir.ru/product/index/id/3156351/
3226682,Конструктор LEGO City Nitro Wheels Команда каскадеров 60255,649,579,https://www.detmir.ru/product/index/id/3226682/
3251242,Конструктор LEGO Friends Игровая шкатулка Покупки Мии 41408,699,629,https://www.detmir.ru/product/index/id/3251242/
3244520,Конструктор LEGO Friends Летняя шкатулка Оливии 41412,699,559,https://www.detmir.ru/product/index/id/3244520/
3226718,Конструктор LEGO Star Wars Микрофайтеры Скайхоппер T-16 против Банты 75265,1 699,1 529,https://www.detmir.ru/product/index/id/3226718/
3175868,Конструктор LEGO Friends Спасательный центр на маяке 41380,4 799,,https://www.detmir.ru/product/index/id/3175868/
3890016,Конструктор LEGO Super Heroes Маска Бэтмена из классического сериала 76238,5 999,,https://www.detmir.ru/product/index/id/3890016/
3104159,Конструктор LEGO Unikitty Вечеринка 41453,2 199,1 429,https://www.detmir.ru/product/index/id/3104159/
3142203,Конструктор LEGO Movie Самые лучшие друзья Кисоньки 70822,749,599,https://www.detmir.ru/product/index/id/3142203/
3194226,Конструктор LEGO Minifigures Серия 19 в непрозрачной упаковке (Сюрприз) 71025,249,,https://www.detmir.ru/product/index/id/3194226/
3175846,Конструктор LEGO Classic Набор для творчества с окнами 11004,2 199,,https://www.detmir.ru/product/index/id/3175846/
3244518,Конструктор LEGO Friends Летняя шкатулка Андреа 41410,699,429,https://www.detmir.ru/product/index/id/3244518/
3142264,Конструктор LEGO Movie Космический отряд Бенни 70841,749,669,https://www.detmir.ru/product/index/id/3142264/
3244519,Конструктор LEGO Friends Летняя шкатулка Стефани 41411,699,629,https://www.detmir.ru/product/index/id/3244519/
3142075,Конструктор LEGO City Fire Пожар на пикнике 60212,649,499,https://www.detmir.ru/product/index/id/3142075/
3200888,Конструктор LEGO Star Wars Погоня на спидерах 75250,3 999,2 899,https://www.detmir.ru/product/index/id/3200888/
3144122,Конструктор LEGO Star Wars Микрофайтеры Истребитель с планеты Набу 75223,799,679,https://www.detmir.ru/product/index/id/3144122/
3251243,Конструктор LEGO Friends Игровая шкатулка Покупки Эммы 41409,699,489,https://www.detmir.ru/product/index/id/3251243/
3244522,Конструктор LEGO Friends Летняя шкатулка Эммы 41414,699,559,https://www.detmir.ru/product/index/id/3244522/
3142204,Конструктор LEGO Movie Трехколёсный велосипед Эммета 70823,1 099,899,https://www.detmir.ru/product/index/id/3142204/
3226608,Конструктор LEGO Friends Шкатулка Андреа 41400,699,579,https://www.detmir.ru/product/index/id/3226608/
3018870,Конструктор LEGO Учебный день Мулан Disney Princess (41151),999,669,https://www.detmir.ru/product/index/id/3018870/
3226610,Конструктор LEGO Friends Шкатулка Оливии 41402,699,579,https://www.detmir.ru/product/index/id/3226610/
2997142,Конструктор LEGO Constraction Star Wars Рей (75528),1 999,1 339,https://www.detmir.ru/product/index/id/2997142/
3018880,Конструктор LEGO Мой первый парад животных DUPLO My First (10863),1 999,,https://www.detmir.ru/product/index/id/3018880/
3251240,Конструктор LEGO Friends Игровая шкатулка Покупки Стефани 41406,699,,https://www.detmir.ru/product/index/id/3251240/
3226609,Конструктор LEGO Friends Шкатулка Стефани 41401,699,629,https://www.detmir.ru/product/index/id/3226609/
3405567,Конструктор LEGO Dots Браслет Стильный кактус 41922,499,309,https://www.detmir.ru/product/index/id/3405567/
3142029,Конструктор LEGO Friends Шкатулка-сердечко Оливии 41357,599,459,https://www.detmir.ru/product/index/id/3142029/
2716641,Конструктор LEGO Nexo Knights Комбо-силы NEXO (70373),299,229,https://www.detmir.ru/product/index/id/2716641/
3018901,Конструктор LEGO Дрон-разведчик Creator (31071),699,,https://www.detmir.ru/product/index/id/3018901/
3142053,Конструктор LEGO City Police Воздушная полиция: кража бриллиантов 60209,3 799,,https://www.detmir.ru/product/index/id/3142053/
3226611,Конструктор LEGO Friends Шкатулка Мии 41403,699,629,https://www.detmir.ru/product/index/id/3226611/
3142080,Конструктор LEGO City Fire Пожарный самолет 60217,2 999,,https://www.detmir.ru/product/index/id/3142080/
3144117,Конструктор LEGO Ninjago Мотоцикл-клинок Кая и снегоход Зейна 70667,2 299,,https://www.detmir.ru/product/index/id/3144117/
618951,Конструктор LEGO Disney Princess Экзотический дворец Жасмин (41061),2 299,,https://www.detmir.ru/product/index/id/618951/
3092800,Конструктор LEGO DUPLO Disney Катер Микки 10881,2 199,,https://www.detmir.ru/product/index/id/3092800/
1687271,Конструктор LEGO Constraction Star Wars Финн (75116),1 999,,https://www.detmir.ru/product/index/id/1687271/
3142213,Конструктор LEGO Movie Боевой Бэтмен и Железная борода 70836,1 499,,https://www.detmir.ru/product/index/id/3142213/
2953991,Конструктор LEGO Super Heroes Битва за Атлантиду (76085),1 799,1 459,https://www.detmir.ru/product/index/id/2953991/
3142202,Конструктор LEGO Movie Мастерская Строим и чиним Эммета и Бенни 70821,1 499,989,https://www.detmir.ru/product/index/id/3142202/
1082671,Конструктор LEGO Star Wars TM Командный шаттл Кайло Рена (Kylo Ren's Command Shuttle™) (75104),9 999,8 499,https://www.detmir.ru/product/index/id/1082671/
2496491,Конструктор LEGO DC Super Hero Girls Школа супергероев (41232),6 499,5 799,https://www.detmir.ru/product/index/id/2496491/
2496501,Конструктор LEGO DC Super Hero Girls Харли Квинн™ спешит на помощь (41231),2 499,1 579,https://www.detmir.ru/product/index/id/2496501/
2997151,Конструктор LEGO Constraction Star Wars Чубакка (75530),2 499,2 119,https://www.detmir.ru/product/index/id/2997151/
3142039,Конструктор LEGO Friends Шоу талантов 41368,3 999,,https://www.detmir.ru/product/index/id/3142039/
3144129,Конструктор LEGO Star Wars Звёздный истребитель типа Х 75235,2 299,1 949,https://www.detmir.ru/product/index/id/3144129/
3175854,Конструктор LEGO Friends Вечеринка Андреа у бассейна 41374,3 999,,https://www.detmir.ru/product/index/id/3175854/
